run_time,success,videos,latest_id,audio_ok,err_type,err_code,yt_ver
2026-09-23 12:50:20,False,0,,False,extraction,EXIT_1,2026.08.19
2026-09-24 07:23:06,False,0,,False,extraction,EXIT_1,2026.08.19
2026-09-25 07:17:48,False,0,,False,extraction,EXIT_1,2026.08.19
2026-09-25 13:39:38,False,0,,False,extraction,EXIT_1,2026.08.19
2026-09-26 07:13:15,False,0,,False,extraction,EXIT_1,2026.08.19
2026-09-27 07:45:38,False,0,,False,extraction,EXIT_1,2026.08.19
2026-09-28 08:23:53,False,0,,False,extraction,EXIT_1,2026.08.19
2026-09-29 08:02:22,False,0,,False,extraction,EXIT_1,2026.08.19
2026-09-30 08:09:47,False,0,,False,extraction,EXIT_1,2026.08.19
2026-10-01 08:30:13,False,0,,False,extraction,EXIT_1,2026.08.19
2026-10-02 08:05:47,False,0,,False,extraction,EXIT_1,2026.08.19
2026-10-03 07:45:34,False,0,,False,extraction,EXIT_1,2026.08.19
2026-10-04 07:54:39,False,0,,False,extraction,EXIT_1,2026.08.19
2026-10-05 08:35:48,False,0,,False,extraction,EXIT_1,2026.08.19
2026-10-06 08:42:28,False,0,,False,extraction,EXIT_1,2026.08.19
2026-10-07 08:17:12,False,0,,False,extraction,EXIT_1,2026.08.19
